CIDR,CIDRASN,CIDRASNName,CIDRSource
5.42.72.0/21,210644,Aeza International Ltd,GeoLite2 by MaxMind
5.42.80.0/21,210644,Aeza International Ltd,GeoLite2 by MaxMind
5.42.94.0/23,210644,Aeza International Ltd,GeoLite2 by MaxMind
5.42.99.0/24,210644,Aeza International Ltd,GeoLite2 by MaxMind
5.42.100.0/22,210644,Aeza International Ltd,GeoLite2 by MaxMind
5.42.104.0/22,210644,Aeza International Ltd,GeoLite2 by MaxMind
5.182.86.0/23,210644,Aeza International Ltd,GeoLite2 by MaxMind
5.252.118.0/24,210644,Aeza International Ltd,GeoLite2 by MaxMind
45.15.157.0/24,210644,Aeza International Ltd,GeoLite2 by MaxMind
45.15.159.0/24,210644,Aeza International Ltd,GeoLite2 by MaxMind
45.138.74.0/24,210644,Aeza International Ltd,GeoLite2 by MaxMind
45.150.32.0/23,210644,Aeza International Ltd,GeoLite2 by MaxMind
46.226.160.0/21,210644,Aeza International Ltd,GeoLite2 by MaxMind
62.60.148.0/22,210644,Aeza International Ltd,GeoLite2 by MaxMind
62.60.152.0/21,210644,Aeza International Ltd,GeoLite2 by MaxMind
62.60.186.0/24,210644,Aeza International Ltd,GeoLite2 by MaxMind
62.60.216.0/23,210644,Aeza International Ltd,GeoLite2 by MaxMind
62.60.228.0/22,210644,Aeza International Ltd,GeoLite2 by MaxMind
62.60.235.0/24,210644,Aeza International Ltd,GeoLite2 by MaxMind
62.60.236.0/22,210644,Aeza International Ltd,GeoLite2 by MaxMind
62.60.244.0/22,210644,Aeza International Ltd,GeoLite2 by MaxMind
62.60.248.0/22,210644,Aeza International Ltd,GeoLite2 by MaxMind
77.73.131.0/24,210644,Aeza International Ltd,GeoLite2 by MaxMind
77.91.70.0/24,210644,Aeza International Ltd,GeoLite2 by MaxMind
77.91.76.0/23,210644,Aeza International Ltd,GeoLite2 by MaxMind
77.91.78.0/24,210644,Aeza International Ltd,GeoLite2 by MaxMind
77.91.84.0/22,210644,Aeza International Ltd,GeoLite2 by MaxMind
77.105.146.0/23,210644,Aeza International Ltd,GeoLite2 by MaxMind
77.105.166.0/23,210644,Aeza International Ltd,GeoLite2 by MaxMind
77.221.136.0/21,210644,Aeza International Ltd,GeoLite2 by MaxMind
77.221.148.0/23,210644,Aeza International Ltd,GeoLite2 by MaxMind
77.221.152.0/21,210644,Aeza International Ltd,GeoLite2 by MaxMind
77.232.142.0/23,210644,Aeza International Ltd,GeoLite2 by MaxMind
78.153.130.0/24,210644,Aeza International Ltd,GeoLite2 by MaxMind
78.153.136.0/24,210644,Aeza International Ltd,GeoLite2 by MaxMind
79.137.184.0/24,210644,Aeza International Ltd,GeoLite2 by MaxMind
79.137.194.0/23,210644,Aeza International Ltd,GeoLite2 by MaxMind
79.137.196.0/22,210644,Aeza International Ltd,GeoLite2 by MaxMind
79.137.202.0/23,210644,Aeza International Ltd,GeoLite2 by MaxMind
79.137.204.0/22,210644,Aeza International Ltd,GeoLite2 by MaxMind
79.137.248.0/24,210644,Aeza International Ltd,GeoLite2 by MaxMind
80.85.241.0/24,210644,Aeza International Ltd,GeoLite2 by MaxMind
81.19.137.0/24,210644,Aeza International Ltd,GeoLite2 by MaxMind
83.147.252.0/23,210644,Aeza International Ltd,GeoLite2 by MaxMind
83.147.254.0/24,210644,Aeza International Ltd,GeoLite2 by MaxMind
85.192.24.0/22,210644,Aeza International Ltd,GeoLite2 by MaxMind
85.192.28.0/23,210644,Aeza International Ltd,GeoLite2 by MaxMind
85.192.31.0/24,210644,Aeza International Ltd,GeoLite2 by MaxMind
85.192.37.0/24,210644,Aeza International Ltd,GeoLite2 by MaxMind
85.192.40.0/23,210644,Aeza International Ltd,GeoLite2 by MaxMind
85.192.42.0/24,210644,Aeza International Ltd,GeoLite2 by MaxMind
85.192.60.0/23,210644,Aeza International Ltd,GeoLite2 by MaxMind
85.192.63.0/24,210644,Aeza International Ltd,GeoLite2 by MaxMind
89.22.224.0/20,210644,Aeza International Ltd,GeoLite2 by MaxMind
89.169.32.0/22,210644,Aeza International Ltd,GeoLite2 by MaxMind
89.169.52.0/22,210644,Aeza International Ltd,GeoLite2 by MaxMind
89.185.85.0/24,210644,Aeza International Ltd,GeoLite2 by MaxMind
89.208.96.0/23,210644,Aeza International Ltd,GeoLite2 by MaxMind
89.208.103.0/24,210644,Aeza International Ltd,GeoLite2 by MaxMind
89.208.104.0/22,210644,Aeza International Ltd,GeoLite2 by MaxMind
91.103.140.0/24,210644,Aeza International Ltd,GeoLite2 by MaxMind
91.103.252.0/23,210644,Aeza International Ltd,GeoLite2 by MaxMind
91.108.240.0/23,210644,Aeza International Ltd,GeoLite2 by MaxMind
91.184.240.0/22,210644,Aeza International Ltd,GeoLite2 by MaxMind
91.186.216.0/22,210644,Aeza International Ltd,GeoLite2 by MaxMind
92.246.136.0/22,210644,Aeza International Ltd,GeoLite2 by MaxMind
94.142.138.0/24,210644,Aeza International Ltd,GeoLite2 by MaxMind
94.228.162.0/23,210644,Aeza International Ltd,GeoLite2 by MaxMind
94.228.164.0/23,210644,Aeza International Ltd,GeoLite2 by MaxMind
94.228.168.0/23,210644,Aeza International Ltd,GeoLite2 by MaxMind
94.228.170.0/24,210644,Aeza International Ltd,GeoLite2 by MaxMind
95.163.152.0/23,210644,Aeza International Ltd,GeoLite2 by MaxMind
95.181.160.0/24,210644,Aeza International Ltd,GeoLite2 by MaxMind
95.181.162.0/24,210644,Aeza International Ltd,GeoLite2 by MaxMind
95.181.167.0/24,210644,Aeza International Ltd,GeoLite2 by MaxMind
95.181.173.0/24,210644,Aeza International Ltd,GeoLite2 by MaxMind
95.181.174.0/23,210644,Aeza International Ltd,GeoLite2 by MaxMind
109.107.181.0/24,210644,Aeza International Ltd,GeoLite2 by MaxMind
109.107.190.0/24,210644,Aeza International Ltd,GeoLite2 by MaxMind
109.120.132.0/22,210644,Aeza International Ltd,GeoLite2 by MaxMind
109.120.138.0/23,210644,Aeza International Ltd,GeoLite2 by MaxMind
109.120.140.0/24,210644,Aeza International Ltd,GeoLite2 by MaxMind
109.120.149.0/24,210644,Aeza International Ltd,GeoLite2 by MaxMind
109.120.150.0/23,210644,Aeza International Ltd,GeoLite2 by MaxMind
109.120.155.0/24,210644,Aeza International Ltd,GeoLite2 by MaxMind
109.120.156.0/23,210644,Aeza International Ltd,GeoLite2 by MaxMind
109.120.176.0/22,210644,Aeza International Ltd,GeoLite2 by MaxMind
109.120.184.0/22,210644,Aeza International Ltd,GeoLite2 by MaxMind
109.172.94.0/23,210644,Aeza International Ltd,GeoLite2 by MaxMind
109.237.98.0/23,210644,Aeza International Ltd,GeoLite2 by MaxMind
138.124.18.0/24,210644,Aeza International Ltd,GeoLite2 by MaxMind
138.124.24.0/23,210644,Aeza International Ltd,GeoLite2 by MaxMind
138.124.26.0/24,210644,Aeza International Ltd,GeoLite2 by MaxMind
138.124.29.0/24,210644,Aeza International Ltd,GeoLite2 by MaxMind
138.124.34.0/23,210644,Aeza International Ltd,GeoLite2 by MaxMind
138.124.49.0/24,210644,Aeza International Ltd,GeoLite2 by MaxMind
138.124.50.0/23,210644,Aeza International Ltd,GeoLite2 by MaxMind
138.124.52.0/22,210644,Aeza International Ltd,GeoLite2 by MaxMind
138.124.58.0/23,210644,Aeza International Ltd,GeoLite2 by MaxMind
138.124.60.0/23,210644,Aeza International Ltd,GeoLite2 by MaxMind
138.124.78.0/24,210644,Aeza International Ltd,GeoLite2 by MaxMind
138.124.89.0/24,210644,Aeza International Ltd,GeoLite2 by MaxMind
138.124.90.0/23,210644,Aeza International Ltd,GeoLite2 by MaxMind
138.124.92.0/23,210644,Aeza International Ltd,GeoLite2 by MaxMind
138.124.99.0/24,210644,Aeza International Ltd,GeoLite2 by MaxMind
138.124.101.0/24,210644,Aeza International Ltd,GeoLite2 by MaxMind
138.124.102.0/23,210644,Aeza International Ltd,GeoLite2 by MaxMind
138.124.108.0/23,210644,Aeza International Ltd,GeoLite2 by MaxMind
138.124.110.0/24,210644,Aeza International Ltd,GeoLite2 by MaxMind
138.124.112.0/21,210644,Aeza International Ltd,GeoLite2 by MaxMind
138.124.123.0/24,210644,Aeza International Ltd,GeoLite2 by MaxMind
138.124.124.0/24,210644,Aeza International Ltd,GeoLite2 by MaxMind
138.124.127.0/24,210644,Aeza International Ltd,GeoLite2 by MaxMind
147.45.40.0/22,210644,Aeza International Ltd,GeoLite2 by MaxMind
147.45.68.0/22,210644,Aeza International Ltd,GeoLite2 by MaxMind
147.45.72.0/21,210644,Aeza International Ltd,GeoLite2 by MaxMind
150.241.64.0/19,210644,Aeza International Ltd,GeoLite2 by MaxMind
150.241.96.0/21,210644,Aeza International Ltd,GeoLite2 by MaxMind
176.124.198.0/23,210644,Aeza International Ltd,GeoLite2 by MaxMind
176.124.202.0/23,210644,Aeza International Ltd,GeoLite2 by MaxMind
176.124.204.0/22,210644,Aeza International Ltd,GeoLite2 by MaxMind
176.124.220.0/23,210644,Aeza International Ltd,GeoLite2 by MaxMind
178.20.209.0/24,210644,Aeza International Ltd,GeoLite2 by MaxMind
178.236.244.0/24,210644,Aeza International Ltd,GeoLite2 by MaxMind
178.236.246.0/23,210644,Aeza International Ltd,GeoLite2 by MaxMind
185.106.93.0/24,210644,Aeza International Ltd,GeoLite2 by MaxMind
185.106.94.0/24,210644,Aeza International Ltd,GeoLite2 by MaxMind
185.125.100.0/22,210644,Aeza International Ltd,GeoLite2 by MaxMind
185.125.230.0/24,210644,Aeza International Ltd,GeoLite2 by MaxMind
185.128.104.0/24,210644,Aeza International Ltd,GeoLite2 by MaxMind
185.174.137.0/24,210644,Aeza International Ltd,GeoLite2 by MaxMind
185.197.74.0/24,210644,Aeza International Ltd,GeoLite2 by MaxMind
185.217.197.0/24,210644,Aeza International Ltd,GeoLite2 by MaxMind
185.221.196.0/24,210644,Aeza International Ltd,GeoLite2 by MaxMind
185.225.200.0/23,210644,Aeza International Ltd,GeoLite2 by MaxMind
185.229.65.0/24,210644,Aeza International Ltd,GeoLite2 by MaxMind
185.230.143.0/24,210644,Aeza International Ltd,GeoLite2 by MaxMind
193.33.153.0/24,210644,Aeza International Ltd,GeoLite2 by MaxMind
193.124.203.0/24,210644,Aeza International Ltd,GeoLite2 by MaxMind
193.188.20.0/23,210644,Aeza International Ltd,GeoLite2 by MaxMind
193.188.22.0/24,210644,Aeza International Ltd,GeoLite2 by MaxMind
193.232.178.0/24,210644,Aeza International Ltd,GeoLite2 by MaxMind
193.233.114.0/23,210644,Aeza International Ltd,GeoLite2 by MaxMind
193.233.133.0/24,210644,Aeza International Ltd,GeoLite2 by MaxMind
193.233.232.0/23,210644,Aeza International Ltd,GeoLite2 by MaxMind
194.26.229.0/24,210644,Aeza International Ltd,GeoLite2 by MaxMind
194.87.29.0/24,210644,Aeza International Ltd,GeoLite2 by MaxMind
194.87.77.0/24,210644,Aeza International Ltd,GeoLite2 by MaxMind
194.87.85.0/24,210644,Aeza International Ltd,GeoLite2 by MaxMind
194.87.189.0/24,210644,Aeza International Ltd,GeoLite2 by MaxMind
194.226.169.0/24,210644,Aeza International Ltd,GeoLite2 by MaxMind
195.133.2.0/24,210644,Aeza International Ltd,GeoLite2 by MaxMind
195.133.18.0/24,210644,Aeza International Ltd,GeoLite2 by MaxMind
195.133.26.0/24,210644,Aeza International Ltd,GeoLite2 by MaxMind
195.133.28.0/24,210644,Aeza International Ltd,GeoLite2 by MaxMind
212.113.100.0/22,210644,Aeza International Ltd,GeoLite2 by MaxMind
212.113.106.0/24,210644,Aeza International Ltd,GeoLite2 by MaxMind
212.113.116.0/24,210644,Aeza International Ltd,GeoLite2 by MaxMind
212.113.119.0/24,210644,Aeza International Ltd,GeoLite2 by MaxMind
212.192.246.0/24,210644,Aeza International Ltd,GeoLite2 by MaxMind
212.192.248.0/24,210644,Aeza International Ltd,GeoLite2 by MaxMind
213.108.20.0/22,210644,Aeza International Ltd,GeoLite2 by MaxMind
213.176.64.0/22,210644,Aeza International Ltd,GeoLite2 by MaxMind
213.176.74.0/23,210644,Aeza International Ltd,GeoLite2 by MaxMind
213.176.92.0/22,210644,Aeza International Ltd,GeoLite2 by MaxMind
217.144.185.0/24,210644,Aeza International Ltd,GeoLite2 by MaxMind
217.144.186.0/23,210644,Aeza International Ltd,GeoLite2 by MaxMind
217.144.188.0/22,210644,Aeza International Ltd,GeoLite2 by MaxMind
217.196.98.0/24,210644,Aeza International Ltd,GeoLite2 by MaxMind
217.196.103.0/24,210644,Aeza International Ltd,GeoLite2 by MaxMind
217.196.106.0/23,210644,Aeza International Ltd,GeoLite2 by MaxMind
217.197.107.0/24,210644,Aeza International Ltd,GeoLite2 by MaxMind
